[
  {
    "id": "a17de089-9c1a-45c2-a2e4-0825e8bdd5d3",
    "siteTitle": "Fromsko 的个人博客",
    "tagline": "欢迎来到我的个人博客",
    "authorName": "Fromsko",
    "authorBio": "Welcome to my personal blog where I share insights, stories, and experiences in technology, life, and everything in between.",
    "socialLinks": {
      "github": "https://github.com/Fromsko",
      "email": "hnkong666@gmail.com"
    },
    "navLinks": [
      {
        "name": "Home",
        "href": "/"
      },
      {
        "name": "About",
        "href": "/about"
      },
      {
        "name": "Contact",
        "href": "/contact"
      }
    ],
    "aiAgentPersona": "I am a helpful AI assistant for this personal blog. I can answer questions about the blog content, the author, and help you navigate the site.",
    "aiAgentKnowledgeBase": "About the Author: Full-stack developer with expertise in React, Next.js, TypeScript, and modern web technologies.",
    "aiAgentGreeting": "Hi! I'm here to help you explore this blog and answer any questions about the content or the author. What would you like to know?",
    "aiAgentVisible": true,
    "postsPerPage": 6,
    "featuredPostsCount": 3,
    "createdAt": "2025-07-12T06:52:42.104Z",
    "updatedAt": "2025-07-12T07:47:51.861Z",
    "aiAgentIconUrl": "https://q.qlogo.cn/g?b=qq&nk=1614355756&s=100"
  }
]